{
  "Comet": 81.44088787365747,
  "XCOMET": 84.43158683952356,
  "CometKiwi": 66.88827919733184,
  "spBLEU": 41.211837513230265,
  "METEOR": 48.06365158129224,
  "1 - T-index": 90.28542814221332
}