{
  "Comet": 85.01642240428347,
  "XCOMET": 88.76240775101844,
  "CometKiwi": 71.52480944743135,
  "spBLEU": 17.966302274629616,
  "METEOR": 58.60891336834857,
  "1 - T-index": 93.64599092284418
}