{
  "Comet": 85.76473965158927,
  "XCOMET": 82.3393547443909,
  "CometKiwi": 81.00538656719935,
  "spBLEU": 16.08647210401904,
  "METEOR": 56.89014202761642,
  "1 - T-index": 93.39008512769153
}