{
  "Comet": 88.03450905248725,
  "XCOMET": 84.32883215383394,
  "CometKiwi": 82.85670776861338,
  "spBLEU": 54.18739057997505,
  "METEOR": 64.41598430527745,
  "1 - T-index": 92.73827534039334
}