{
  "Comet": 86.52532690456049,
  "XCOMET": 83.89440351387353,
  "CometKiwi": 82.16321638929408,
  "spBLEU": 40.56137930743043,
  "METEOR": 57.555511419287775,
  "1 - T-index": 92.98948422633951
}