{
  "Comet": 88.68005040373636,
  "XCOMET": 85.70626627388953,
  "CometKiwi": 83.88670341149762,
  "spBLEU": 65.64311360330542,
  "METEOR": 65.87125584845009,
  "1 - T-index": 92.28441754916793
}