{
  "Comet": 86.54610276461005,
  "XCOMET": 84.83424607923644,
  "CometKiwi": 82.35874678948908,
  "spBLEU": 80.3850942582111,
  "METEOR": 56.51657598197901,
  "1 - T-index": 94.0911367050576
}