{
  "Comet": 88.54750774000489,
  "XCOMET": 88.65737311327872,
  "CometKiwi": 83.95843057246503,
  "spBLEU": 66.65865240112949,
  "METEOR": 64.27875254560979,
  "1 - T-index": 91.83055975794251
}