{
  "Comet": 85.30158386358214,
  "XCOMET": 82.79998213589998,
  "CometKiwi": 80.49994658307547,
  "spBLEU": 38.058030016749456,
  "METEOR": 55.61816281520695,
  "1 - T-index": 93.03955933900852
}