{
  "Comet": 88.29204734984035,
  "XCOMET": 88.5598335973073,
  "CometKiwi": 83.28298338422616,
  "spBLEU": 45.5292562607462,
  "METEOR": 63.83676449235238,
  "1 - T-index": 93.34341906202724
}