{
  "Comet": 86.76786477051202,
  "XCOMET": 86.63823357412501,
  "CometKiwi": 82.97049383043826,
  "spBLEU": 39.78842755316247,
  "METEOR": 55.02195051732729,
  "1 - T-index": 92.63895843765648
}