{
  "Comet": 88.5757111249641,
  "XCOMET": 89.87746231494621,
  "CometKiwi": 84.24758118057395,
  "spBLEU": 30.86714017722568,
  "METEOR": 63.02009331644322,
  "1 - T-index": 90.46898638426626
}