{
  "Comet": 79.78642604084808,
  "XCOMET": 83.95815644642683,
  "CometKiwi": 65.17358990120303,
  "spBLEU": 16.784459625186194,
  "METEOR": 46.88086236594093,
  "1 - T-index": 89.53430145217827
}