{
  "Comet": 84.74217896291961,
  "XCOMET": 89.19268144737032,
  "CometKiwi": 71.52555861739997,
  "spBLEU": 46.997395980026965,
  "METEOR": 58.433905015019135,
  "1 - T-index": 93.04084720121028
}