{
  "Comet": 90.27273859631457,
  "XCOMET": 90.01955102323224,
  "CometKiwi": 85.07935148234085,
  "spBLEU": 63.99711737077495,
  "METEOR": 71.0943545058661,
  "1 - T-index": 93.34341906202724
}