{
  "Comet": 88.2111004324752,
  "XCOMET": 88.31773700717693,
  "CometKiwi": 83.73007868819077,
  "spBLEU": 54.63793104027421,
  "METEOR": 62.78045867267578,
  "1 - T-index": 93.64046069103655
}