{
  "Comet": 88.21140154338086,
  "XCOMET": 88.18153478559638,
  "CometKiwi": 83.64841070811511,
  "spBLEU": 50.91969063347357,
  "METEOR": 62.692899525724485,
  "1 - T-index": 94.04106159238859
}