{
  "Comet": 90.36891022175776,
  "XCOMET": 90.2114980925951,
  "CometKiwi": 85.21159959001729,
  "spBLEU": 50.515971149428005,
  "METEOR": 71.56455378371017,
  "1 - T-index": 93.34341906202724
}