{
  "Comet": 89.4971782428955,
  "XCOMET": 90.43253365334874,
  "CometKiwi": 84.30164041569662,
  "spBLEU": 79.5680586815947,
  "METEOR": 69.33265852584005,
  "1 - T-index": 92.8895612708018
}