{
  "Comet": 87.39416601512214,
  "XCOMET": 86.45673859146278,
  "CometKiwi": 82.66562223135978,
  "spBLEU": 40.016016019225006,
  "METEOR": 60.755533562764604,
  "1 - T-index": 93.69053580370556
}