{
  "Comet": 89.934344668612,
  "XCOMET": 91.65552116468346,
  "CometKiwi": 85.28599245825983,
  "spBLEU": 63.37609478527905,
  "METEOR": 67.44989314196928,
  "1 - T-index": 91.67927382753403
}