{
  "Comet": 87.84242523465684,
  "XCOMET": 87.90977184152867,
  "CometKiwi": 83.98284484848239,
  "spBLEU": 12.062940248564933,
  "METEOR": 59.20706878151595,
  "1 - T-index": 92.48873309964948
}