{
  "Comet": 86.71324958966025,
  "XCOMET": 84.21652585447103,
  "CometKiwi": 81.55122453353377,
  "spBLEU": 58.81465359714198,
  "METEOR": 57.396061300908364,
  "1 - T-index": 95.09263895843766
}