{
  "Comet": 89.05725810062506,
  "XCOMET": 88.83303811438326,
  "CometKiwi": 83.60165738121644,
  "spBLEU": 45.05546423412898,
  "METEOR": 65.23882952409751,
  "1 - T-index": 94.55370650529501
}