{
  "Comet": 90.45718043546633,
  "XCOMET": 94.08822245388637,
  "CometKiwi": 86.36009445168789,
  "spBLEU": 46.61617174759081,
  "METEOR": 67.60508125044676,
  "1 - T-index": 90.92284417549168
}