{
  "Comet": 88.65096285812366,
  "XCOMET": 91.35814883079777,
  "CometKiwi": 85.05592209044013,
  "spBLEU": 43.88819487484427,
  "METEOR": 60.06516280967662,
  "1 - T-index": 92.38858287431147
}